"ID","NAME","SALARY"
1,"Sandeep",10000
2,"Kumar",9000
3,"Demo",12000
4,"Demo1",11000
8,"NAME",""
9,"Demo3",20000
10,"Demo4",20000
11,"Demo5",20000
12,"Demo6",20000
13,"Demo7",30000
14,"Demo8",31000
15,"Demo9",31000
16,"Demo10",32000
17,"NAME",""
18,"Demo3",20000
19,"Demo4",20000
20,"Demo5",20000
21,"Demo6",20000
22,"Demo7",30000
23,"Demo8",31000
24,"Demo9",31000
25,"Demo10",32000
26,"Demo3",20000
27,"Demo4",20000
28,"Demo5",20000
29,"Demo6",20000
30,"Demo7",30000
31,"Demo8",31000
32,"Demo9",31000
33,"Demo10",32000
